{
  "Eerlb,": 66422.0,
  "Lobxdut,": 57317.0,
  "Adqly,": 108857.9269493734,
  "Xosrpy,": 212099.0,
  "Oksloi,": 205296.38483200184,
  "Usyp,": 218354.9166801891,
  "Tgwyc,": 13551.808108699408,
  "Eibt,": 280411.0,
  "Tiyxl,": 66422.0,
  "Xqepel,": 57317.0
}