{
  "Ofgy": 276907.0,
  "Yhzi": 337926.0,
  "Uwhe": 334521.0,
  "Ibhyc": 276907.0,
  "Ahlicd": 96510.0,
  "Imkub": 120129.89456350832,
  "Ubbixhu": 337926.0,
  "Iqla": 334521.0,
  "Iwqizr": 276907.0,
  "Angyq": 96510.0,
  "Ihty": 120129.89456350832,
  "Ytfotd": 337926.0,
  "Ozhyc": 334521.0,
  "Yvdez": 276907.0,
  "Afrec": 96510.0,
  "Igvyz": 120129.89456350832,
  "Imsy": 337926.0,
  "Ymnys": 334521.0,
  "Uszo": 276907.0,
  "Edzaqfa": 96510.0,
  "Iqcirmy": 120129.89456350832,
  "Abgesfa": 337926.0,
  "Ibcisw": 334521.0,
  "Uwdo": 276907.0,
  "Ivfefle": 96510.0,
  "Akfokq": 120129.89456350832,
  "Axzuz": 337926.0,
  "Uccazx": 334521.0,
  "Ekse": 276907.0,
  "Itgym": 96510.0,
  "Efretv": 120129.89456350832,
  "Ickobl": 337926.0,
  "Ebkix": 334521.0,
  "Yckexl": 276907.0,
  "Ybbiw": 96510.0,
  "Ilwy": 120129.89456350832,
  "Ybhewdi": 337926.0,
  "Omxoqz": 334521.0,
  "Arbawfa": 276907.0,
  "Yvceqh": 96510.0,
  "Exkyv": 120129.89456350832,
  "Oxlez": 337926.0,
  "Uwqox": 334521.0,
  "Utme": 276907.0,
  "Yxqah": 96510.0,
  "Omqug": 120129.89456350832,
  "Ysbi": 337926.0,
  "Ogbur": 334521.0,
  "Efzyj": 276907.0,
  "Yvxa": 96510.0,
  "Ixqas": 120129.89456350832,
  "Efnymk": 337926.0,
  "Adko": 334521.0,
  "Amgixw": 276907.0,
  "Yxhyj": 96510.0,
  "Ocnel": 120129.89456350832,
  "Yxzixz": 337926.0,
  "Olhicnu": 334521.0,
  "Ahlyht": 276907.0,
  "Elfatno": 96510.0,
  "Ojwi": 120129.89456350832,
  "Ofry": 337926.0,
  "Abmyrt": 334521.0,
  "Yqrixr": 276907.0,
  "Alnucje": 96510.0,
  "Exdebqo": 120129.89456350832,
  "Ansir": 337926.0,
  "Uldo": 334521.0,
  "Ulqu": 276907.0,
  "Ocji": 96510.0,
  "Adbozra": 120129.89456350832,
  "Ibky": 337926.0,
  "Yzhush": 334521.0,
  "Odby": 276907.0,
  "Ekcos": 96510.0,
  "Orni": 120129.89456350832,
  "Alzaqf": 337926.0,
  "Osrekre": 334521.0,
  "Etmyqfy": 276907.0,
  "Ikko": 96510.0,
  "Effo": 120129.89456350832,
  "Iqqo": 337926.0,
  "Ulgakb": 334521.0,
  "Ekke": 276907.0,
  "Uwby": 96510.0,
  "Ucsam": 120129.89456350832,
  "Ofqaxv": 337926.0,
  "Ufwyl": 334521.0,
  "Osre": 276907.0,
  "Akka": 96510.0,
  "Iljuqs": 120129.89456350832,
  "Elfazc": 337926.0,
  "Uxgeqk": 334521.0,
  "Ivbyc": 276907.0,
  "Edbehv": 96510.0,
  "Ubkatzy": 120129.89456350832,
  "Orbaj": 337926.0,
  "Uddojs": 334521.0,
  "Ofwukv": 276907.0,
  "Ikjydk": 96510.0,
  "Idcu": 120129.89456350832,
  "Avki": 337926.0,
  "Ulliqr": 334521.0,
  "Ixvonvy": 276907.0,
  "Irgu": 96510.0,
  "Ogwabwe": 120129.89456350832,
  "Iwjobze": 337926.0,
  "Ugdil": 334521.0,
  "Uksu": 276907.0,
  "Owla": 96510.0,
  "Ettug": 120129.89456350832,
  "Ikjoqme": 337926.0,
  "Ozkezmy": 334521.0,
  "Ugte": 276907.0,
  "Ekro": 96510.0,
  "Ogkuhv": 120129.89456350832,
  "Acru": 337926.0,
  "Yhnalg": 334521.0,
  "Atwamro": 276907.0,
  "Acfylvy": 96510.0,
  "Ohme": 120129.89456350832,
  "Ystynb": 337926.0,
  "Urwodqu": 334521.0,
  "Uvde": 276907.0,
  "Axwuqsy": 96510.0,
  "Emto": 120129.89456350832,
  "Enciwqi": 337926.0,
  "Ohku": 334521.0,
  "Urje": 276907.0,
  "Acbo": 96510.0,
  "Ymnydwe": 120129.89456350832,
  "Ijzazg": 337926.0,
  "Ondywxu": 334521.0,
  "Ancukta": 276907.0,
  "Uwco": 96510.0,
  "Utcewf": 120129.89456350832,
  "Eqlij": 337926.0,
  "Ollodcy": 334521.0,
  "Ymvu": 276907.0,
  "Egfeljy": 96510.0,
  "Ybkudna": 120129.89456350832,
  "Ozwu": 337926.0,
  "Ewnugn": 334521.0,
  "Axwi": 276907.0,
  "Efjyb": 96510.0,
  "Ofrydmu": 120129.89456350832,
  "Ahhirh": 337926.0,
  "Ysve": 334521.0,
  "Azce": 276907.0,
  "Edhel": 96510.0,
  "Yvne": 120129.89456350832,
  "Uwbo": 337926.0,
  "Erku": 334521.0,
  "Yzryrcu": 276907.0,
  "Yvxogn": 96510.0,
  "Uhcem": 120129.89456350832,
  "Aqjebg": 337926.0,
  "Esgubm": 334521.0,
  "Ingolq": 276907.0,
  "Ohvy": 96510.0,
  "Iwky": 120129.89456350832,
  "Azsilk": 337926.0,
  "Ebmo": 334521.0,
  "Ikgujxa": 276907.0,
  "Etzajq": 96510.0,
  "Yqva": 120129.89456350832,
  "Ozryxk": 337926.0,
  "Athuw": 334521.0,
  "Ighujn": 276907.0,
  "Inlyhqo": 96510.0,
  "Yxxuxh": 120129.89456350832,
  "Ezzuvm": 337926.0,
  "Azreqra": 334521.0,
  "Udtefs": 276907.0,
  "Ohced": 96510.0,
  "Eclebg": 120129.89456350832,
  "Ygxih": 337926.0,
  "Anwiglo": 334521.0,
  "Oddy": 276907.0,
  "Irnohvi": 96510.0,
  "Itcomzo": 120129.89456350832,
  "Ijtoq": 337926.0,
  "Ajzexsu": 334521.0,
  "Adco": 276907.0,
  "Ommewno": 96510.0,
  "Urki": 120129.89456350832,
  "Icdek": 337926.0,
  "Acgy": 334521.0,
  "Axmaq": 276907.0,
  "Uttad": 96510.0,
  "Eztotxa": 120129.89456350832,
  "Oxgyr": 337926.0,
  "Iwda": 334521.0,
  "Ezgolvo": 276907.0,
  "Ovzetgy": 96510.0,
  "Iwnukfu": 120129.89456350832,
  "Otru": 337926.0,
  "Ylxubv": 334521.0,
  "Ajda": 276907.0,
  "Ulci": 96510.0,
  "Axvevq": 120129.89456350832,
  "Etqunda": 337926.0,
  "Arcerxy": 334521.0,
  "Itji": 276907.0,
  "Ynlism": 96510.0,
  "Izregse": 120129.89456350832,
  "Idkyjt": 337926.0,
  "Ykvyrl": 334521.0,
  "Ohfagh": 96510.0
}